{"cameraMode":{"drawMode":0,"name":"Shaded","section":"Shading Mode"},"sceneLighting":false,"audioPlay":false,"sceneViewState":{"showFog":true,"showMaterialUpdate":false,"showSkybox":true,"showFlares":true,"showImageEffects":true,"showParticleSystems":true},"in2DMode":false,"pivot":{"x":17.582477569580079,"y":1.12129545211792,"z":0.6427116394042969},"rotation":{"x":-0.07896105945110321,"y":-0.23343276977539063,"z":0.01902247779071331,"w":-0.9689750075340271},"size":2.8578836917877199,"orthographic":false}